impl,N,ops_total,a,result
decrease_by_one,1,1,2,2
decrease_by_constant_factor,1,2,2,2
divide_and_conquer,1,2,2,2
decrease_by_one,2,2,2,4
decrease_by_constant_factor,2,3,2,4
divide_and_conquer,2,5,2,4
decrease_by_one,3,3,2,8
decrease_by_constant_factor,3,4,2,8
divide_and_conquer,3,6,2,8
decrease_by_one,4,4,2,16
decrease_by_constant_factor,4,4,2,16
divide_and_conquer,4,11,2,16
decrease_by_one,5,5,2,32
decrease_by_constant_factor,5,5,2,32
divide_and_conquer,5,12,2,32
decrease_by_one,6,6,2,64
decrease_by_constant_factor,6,5,2,64
divide_and_conquer,6,13,2,64
decrease_by_one,7,7,2,128
decrease_by_constant_factor,7,6,2,128
divide_and_conquer,7,14,2,128
decrease_by_one,8,8,2,256
decrease_by_constant_factor,8,5,2,256
divide_and_conquer,8,23,2,256
decrease_by_one,9,9,2,512
decrease_by_constant_factor,9,6,2,512
divide_and_conquer,9,24,2,512
decrease_by_one,10,10,2,1024
decrease_by_constant_factor,10,6,2,1024
divide_and_conquer,10,25,2,1024
decrease_by_one,11,11,2,2048
decrease_by_constant_factor,11,7,2,2048
divide_and_conquer,11,26,2,2048
decrease_by_one,12,12,2,4096
decrease_by_constant_factor,12,6,2,4096
divide_and_conquer,12,27,2,4096
decrease_by_one,13,13,2,8192
decrease_by_constant_factor,13,7,2,8192
divide_and_conquer,13,28,2,8192
decrease_by_one,14,14,2,16384
decrease_by_constant_factor,14,7,2,16384
divide_and_conquer,14,29,2,16384
decrease_by_one,15,15,2,32768
decrease_by_constant_factor,15,8,2,32768
divide_and_conquer,15,30,2,32768
decrease_by_one,16,16,2,65536
decrease_by_constant_factor,16,6,2,65536
divide_and_conquer,16,47,2,65536
decrease_by_one,17,17,2,131072
decrease_by_constant_factor,17,7,2,131072
divide_and_conquer,17,48,2,131072
decrease_by_one,18,18,2,262144
decrease_by_constant_factor,18,7,2,262144
divide_and_conquer,18,49,2,262144
decrease_by_one,19,19,2,524288
decrease_by_constant_factor,19,8,2,524288
divide_and_conquer,19,50,2,524288
decrease_by_one,20,20,2,1048576
decrease_by_constant_factor,20,7,2,1048576
divide_and_conquer,20,51,2,1048576
decrease_by_one,21,21,2,2097152
decrease_by_constant_factor,21,8,2,2097152
divide_and_conquer,21,52,2,2097152
decrease_by_one,22,22,2,4194304
decrease_by_constant_factor,22,8,2,4194304
divide_and_conquer,22,53,2,4194304
decrease_by_one,23,23,2,8388608
decrease_by_constant_factor,23,9,2,8388608
divide_and_conquer,23,54,2,8388608
decrease_by_one,24,24,2,16777216
decrease_by_constant_factor,24,7,2,16777216
divide_and_conquer,24,55,2,16777216
decrease_by_one,25,25,2,33554432
decrease_by_constant_factor,25,8,2,33554432
divide_and_conquer,25,56,2,33554432
decrease_by_one,26,26,2,67108864
decrease_by_constant_factor,26,8,2,67108864
divide_and_conquer,26,57,2,67108864
decrease_by_one,27,27,2,134217728
decrease_by_constant_factor,27,9,2,134217728
divide_and_conquer,27,58,2,134217728
decrease_by_one,28,28,2,268435456
decrease_by_constant_factor,28,8,2,268435456
divide_and_conquer,28,59,2,268435456
decrease_by_one,29,29,2,536870912
decrease_by_constant_factor,29,9,2,536870912
divide_and_conquer,29,60,2,536870912
decrease_by_one,30,30,2,1073741824
decrease_by_constant_factor,30,9,2,1073741824
divide_and_conquer,30,61,2,1073741824
decrease_by_one,31,31,2,-2147483648
decrease_by_constant_factor,31,10,2,-2147483648
divide_and_conquer,31,62,2,-2147483648
decrease_by_one,32,32,2,0
decrease_by_constant_factor,32,7,2,0
divide_and_conquer,32,95,2,0
decrease_by_one,33,33,2,0
decrease_by_constant_factor,33,8,2,0
divide_and_conquer,33,96,2,0
decrease_by_one,34,34,2,0
decrease_by_constant_factor,34,8,2,0
divide_and_conquer,34,97,2,0
decrease_by_one,35,35,2,0
decrease_by_constant_factor,35,9,2,0
divide_and_conquer,35,98,2,0
decrease_by_one,36,36,2,0
decrease_by_constant_factor,36,8,2,0
divide_and_conquer,36,99,2,0
decrease_by_one,37,37,2,0
decrease_by_constant_factor,37,9,2,0
divide_and_conquer,37,100,2,0
decrease_by_one,38,38,2,0
decrease_by_constant_factor,38,9,2,0
divide_and_conquer,38,101,2,0
decrease_by_one,39,39,2,0
decrease_by_constant_factor,39,10,2,0
divide_and_conquer,39,102,2,0
decrease_by_one,40,40,2,0
decrease_by_constant_factor,40,8,2,0
divide_and_conquer,40,103,2,0
decrease_by_one,41,41,2,0
decrease_by_constant_factor,41,9,2,0
divide_and_conquer,41,104,2,0
decrease_by_one,42,42,2,0
decrease_by_constant_factor,42,9,2,0
divide_and_conquer,42,105,2,0
decrease_by_one,43,43,2,0
decrease_by_constant_factor,43,10,2,0
divide_and_conquer,43,106,2,0
decrease_by_one,44,44,2,0
decrease_by_constant_factor,44,9,2,0
divide_and_conquer,44,107,2,0
decrease_by_one,45,45,2,0
decrease_by_constant_factor,45,10,2,0
divide_and_conquer,45,108,2,0
decrease_by_one,46,46,2,0
decrease_by_constant_factor,46,10,2,0
divide_and_conquer,46,109,2,0
decrease_by_one,47,47,2,0
decrease_by_constant_factor,47,11,2,0
divide_and_conquer,47,110,2,0
decrease_by_one,48,48,2,0
decrease_by_constant_factor,48,8,2,0
divide_and_conquer,48,111,2,0
decrease_by_one,49,49,2,0
decrease_by_constant_factor,49,9,2,0
divide_and_conquer,49,112,2,0
decrease_by_one,50,50,2,0
decrease_by_constant_factor,50,9,2,0
divide_and_conquer,50,113,2,0
decrease_by_one,51,51,2,0
decrease_by_constant_factor,51,10,2,0
divide_and_conquer,51,114,2,0
decrease_by_one,52,52,2,0
decrease_by_constant_factor,52,9,2,0
divide_and_conquer,52,115,2,0
decrease_by_one,53,53,2,0
decrease_by_constant_factor,53,10,2,0
divide_and_conquer,53,116,2,0
decrease_by_one,54,54,2,0
decrease_by_constant_factor,54,10,2,0
divide_and_conquer,54,117,2,0
decrease_by_one,55,55,2,0
decrease_by_constant_factor,55,11,2,0
divide_and_conquer,55,118,2,0
decrease_by_one,56,56,2,0
decrease_by_constant_factor,56,9,2,0
divide_and_conquer,56,119,2,0
decrease_by_one,57,57,2,0
decrease_by_constant_factor,57,10,2,0
divide_and_conquer,57,120,2,0
decrease_by_one,58,58,2,0
decrease_by_constant_factor,58,10,2,0
divide_and_conquer,58,121,2,0
decrease_by_one,59,59,2,0
decrease_by_constant_factor,59,11,2,0
divide_and_conquer,59,122,2,0
decrease_by_one,60,60,2,0
decrease_by_constant_factor,60,10,2,0
divide_and_conquer,60,123,2,0
decrease_by_one,61,61,2,0
decrease_by_constant_factor,61,11,2,0
divide_and_conquer,61,124,2,0
decrease_by_one,62,62,2,0
decrease_by_constant_factor,62,11,2,0
divide_and_conquer,62,125,2,0
decrease_by_one,63,63,2,0
decrease_by_constant_factor,63,12,2,0
divide_and_conquer,63,126,2,0
decrease_by_one,64,64,2,0
decrease_by_constant_factor,64,8,2,0
divide_and_conquer,64,191,2,0
decrease_by_one,65,65,2,0
decrease_by_constant_factor,65,9,2,0
divide_and_conquer,65,192,2,0
decrease_by_one,66,66,2,0
decrease_by_constant_factor,66,9,2,0
divide_and_conquer,66,193,2,0
decrease_by_one,67,67,2,0
decrease_by_constant_factor,67,10,2,0
divide_and_conquer,67,194,2,0
decrease_by_one,68,68,2,0
decrease_by_constant_factor,68,9,2,0
divide_and_conquer,68,195,2,0
decrease_by_one,69,69,2,0
decrease_by_constant_factor,69,10,2,0
divide_and_conquer,69,196,2,0
decrease_by_one,70,70,2,0
decrease_by_constant_factor,70,10,2,0
divide_and_conquer,70,197,2,0
decrease_by_one,71,71,2,0
decrease_by_constant_factor,71,11,2,0
divide_and_conquer,71,198,2,0
decrease_by_one,72,72,2,0
decrease_by_constant_factor,72,9,2,0
divide_and_conquer,72,199,2,0
decrease_by_one,73,73,2,0
decrease_by_constant_factor,73,10,2,0
divide_and_conquer,73,200,2,0
decrease_by_one,74,74,2,0
decrease_by_constant_factor,74,10,2,0
divide_and_conquer,74,201,2,0
decrease_by_one,75,75,2,0
decrease_by_constant_factor,75,11,2,0
divide_and_conquer,75,202,2,0
decrease_by_one,76,76,2,0
decrease_by_constant_factor,76,10,2,0
divide_and_conquer,76,203,2,0
decrease_by_one,77,77,2,0
decrease_by_constant_factor,77,11,2,0
divide_and_conquer,77,204,2,0
decrease_by_one,78,78,2,0
decrease_by_constant_factor,78,11,2,0
divide_and_conquer,78,205,2,0
decrease_by_one,79,79,2,0
decrease_by_constant_factor,79,12,2,0
divide_and_conquer,79,206,2,0
decrease_by_one,80,80,2,0
decrease_by_constant_factor,80,9,2,0
divide_and_conquer,80,207,2,0
decrease_by_one,81,81,2,0
decrease_by_constant_factor,81,10,2,0
divide_and_conquer,81,208,2,0
decrease_by_one,82,82,2,0
decrease_by_constant_factor,82,10,2,0
divide_and_conquer,82,209,2,0
decrease_by_one,83,83,2,0
decrease_by_constant_factor,83,11,2,0
divide_and_conquer,83,210,2,0
decrease_by_one,84,84,2,0
decrease_by_constant_factor,84,10,2,0
divide_and_conquer,84,211,2,0
decrease_by_one,85,85,2,0
decrease_by_constant_factor,85,11,2,0
divide_and_conquer,85,212,2,0
decrease_by_one,86,86,2,0
decrease_by_constant_factor,86,11,2,0
divide_and_conquer,86,213,2,0
decrease_by_one,87,87,2,0
decrease_by_constant_factor,87,12,2,0
divide_and_conquer,87,214,2,0
decrease_by_one,88,88,2,0
decrease_by_constant_factor,88,10,2,0
divide_and_conquer,88,215,2,0
decrease_by_one,89,89,2,0
decrease_by_constant_factor,89,11,2,0
divide_and_conquer,89,216,2,0
decrease_by_one,90,90,2,0
decrease_by_constant_factor,90,11,2,0
divide_and_conquer,90,217,2,0
decrease_by_one,91,91,2,0
decrease_by_constant_factor,91,12,2,0
divide_and_conquer,91,218,2,0
decrease_by_one,92,92,2,0
decrease_by_constant_factor,92,11,2,0
divide_and_conquer,92,219,2,0
decrease_by_one,93,93,2,0
decrease_by_constant_factor,93,12,2,0
divide_and_conquer,93,220,2,0
decrease_by_one,94,94,2,0
decrease_by_constant_factor,94,12,2,0
divide_and_conquer,94,221,2,0
decrease_by_one,95,95,2,0
decrease_by_constant_factor,95,13,2,0
divide_and_conquer,95,222,2,0
decrease_by_one,96,96,2,0
decrease_by_constant_factor,96,9,2,0
divide_and_conquer,96,223,2,0
decrease_by_one,97,97,2,0
decrease_by_constant_factor,97,10,2,0
divide_and_conquer,97,224,2,0
decrease_by_one,98,98,2,0
decrease_by_constant_factor,98,10,2,0
divide_and_conquer,98,225,2,0
decrease_by_one,99,99,2,0
decrease_by_constant_factor,99,11,2,0
divide_and_conquer,99,226,2,0
decrease_by_one,100,100,2,0
decrease_by_constant_factor,100,10,2,0
divide_and_conquer,100,227,2,0
