n,decreaseByOne,constantFactor,divideAndConquer
1,1,2,2
2,2,3,5
3,3,4,6
4,4,4,11
5,5,5,12
6,6,5,13
7,7,6,14
8,8,5,23
9,9,6,24
10,10,6,25
11,11,7,26
12,12,6,27
13,13,7,28
14,14,7,29
15,15,8,30
16,16,6,47
17,17,7,48
18,18,7,49
19,19,8,50
20,20,7,51
21,21,8,52
22,22,8,53
23,23,9,54
24,24,7,55
25,25,8,56
26,26,8,57
27,27,9,58
28,28,8,59
29,29,9,60
30,30,9,61
31,31,10,62
32,32,7,95
33,33,8,96
34,34,8,97
35,35,9,98
36,36,8,99
37,37,9,100
38,38,9,101
39,39,10,102
40,40,8,103
41,41,9,104
42,42,9,105
43,43,10,106
44,44,9,107
45,45,10,108
46,46,10,109
47,47,11,110
48,48,8,111
49,49,9,112
50,50,9,113
51,51,10,114
52,52,9,115
53,53,10,116
54,54,10,117
55,55,11,118
56,56,9,119
57,57,10,120
58,58,10,121
59,59,11,122
60,60,10,123
61,61,11,124
62,62,11,125
63,63,12,126
64,64,8,191
65,65,9,192
66,66,9,193
67,67,10,194
68,68,9,195
69,69,10,196
70,70,10,197
71,71,11,198
72,72,9,199
73,73,10,200
74,74,10,201
75,75,11,202
76,76,10,203
77,77,11,204
78,78,11,205
79,79,12,206
80,80,9,207
81,81,10,208
82,82,10,209
83,83,11,210
84,84,10,211
85,85,11,212
86,86,11,213
87,87,12,214
88,88,10,215
89,89,11,216
90,90,11,217
91,91,12,218
92,92,11,219
93,93,12,220
94,94,12,221
95,95,13,222
96,96,9,223
97,97,10,224
98,98,10,225
99,99,11,226
100,100,10,227
