impl,N,ops_total
selection_sort,100,4950
selection_sort,200,19900
selection_sort,300,44850
selection_sort,400,79800
selection_sort,500,124750
selection_sort,600,179700
selection_sort,700,244650
selection_sort,800,319600
selection_sort,900,404550
selection_sort,1000,499500
selection_sort,1100,604450
selection_sort,1200,719400
selection_sort,1300,844350
selection_sort,1400,979300
selection_sort,1500,1124250
selection_sort,1600,1279200
selection_sort,1700,1444150
selection_sort,1800,1619100
selection_sort,1900,1804050
selection_sort,2000,1999000
selection_sort,2100,2203950
selection_sort,2200,2418900
selection_sort,2300,2643850
selection_sort,2400,2878800
selection_sort,2500,3123750
selection_sort,2600,3378700
selection_sort,2700,3643650
selection_sort,2800,3918600
selection_sort,2900,4203550
selection_sort,3000,4498500
selection_sort,3100,4803450
selection_sort,3200,5118400
selection_sort,3300,5443350
selection_sort,3400,5778300
selection_sort,3500,6123250
selection_sort,3600,6478200
selection_sort,3700,6843150
selection_sort,3800,7218100
selection_sort,3900,7603050
selection_sort,4000,7998000
selection_sort,4100,8402950
selection_sort,4200,8817900
selection_sort,4300,9242850
selection_sort,4400,9677800
selection_sort,4500,10122750
selection_sort,4600,10577700
selection_sort,4700,11042650
selection_sort,4800,11517600
selection_sort,4900,12002550
selection_sort,5000,12497500
selection_sort,5100,13002450
selection_sort,5200,13517400
selection_sort,5300,14042350
selection_sort,5400,14577300
selection_sort,5500,15122250
selection_sort,5600,15677200
selection_sort,5700,16242150
selection_sort,5800,16817100
selection_sort,5900,17402050
selection_sort,6000,17997000
selection_sort,6100,18601950
selection_sort,6200,19216900
selection_sort,6300,19841850
selection_sort,6400,20476800
selection_sort,6500,21121750
selection_sort,6600,21776700
selection_sort,6700,22441650
selection_sort,6800,23116600
selection_sort,6900,23801550
selection_sort,7000,24496500
selection_sort,7100,25201450
selection_sort,7200,25916400
selection_sort,7300,26641350
selection_sort,7400,27376300
selection_sort,7500,28121250
selection_sort,7600,28876200
selection_sort,7700,29641150
selection_sort,7800,30416100
selection_sort,7900,31201050
selection_sort,8000,31996000
selection_sort,8100,32800950
selection_sort,8200,33615900
selection_sort,8300,34440850
selection_sort,8400,35275800
selection_sort,8500,36120750
selection_sort,8600,36975700
selection_sort,8700,37840650
selection_sort,8800,38715600
selection_sort,8900,39600550
selection_sort,9000,40495500
selection_sort,9100,41400450
selection_sort,9200,42315400
selection_sort,9300,43240350
selection_sort,9400,44175300
selection_sort,9500,45120250
selection_sort,9600,46075200
selection_sort,9700,47040150
selection_sort,9800,48015100
selection_sort,9900,49000050
selection_sort,10000,49995000
insertion_sort,100,2733
insertion_sort,200,10231
insertion_sort,300,21825
insertion_sort,400,40213
insertion_sort,500,66786
insertion_sort,600,91568
insertion_sort,700,121853
insertion_sort,800,163808
insertion_sort,900,209482
insertion_sort,1000,244549
insertion_sort,1100,307260
insertion_sort,1200,356989
insertion_sort,1300,419229
insertion_sort,1400,490116
insertion_sort,1500,551353
insertion_sort,1600,645739
insertion_sort,1700,723537
insertion_sort,1800,801734
insertion_sort,1900,880436
insertion_sort,2000,990364
insertion_sort,2100,1109947
insertion_sort,2200,1219055
insertion_sort,2300,1312425
insertion_sort,2400,1451949
insertion_sort,2500,1565000
insertion_sort,2600,1727916
insertion_sort,2700,1854587
insertion_sort,2800,2006898
insertion_sort,2900,2070628
insertion_sort,3000,2289026
insertion_sort,3100,2425262
insertion_sort,3200,2570930
insertion_sort,3300,2725859
insertion_sort,3400,2928448
insertion_sort,3500,3118752
insertion_sort,3600,3239229
insertion_sort,3700,3436660
insertion_sort,3800,3685427
insertion_sort,3900,3806181
insertion_sort,4000,4017360
insertion_sort,4100,4181149
insertion_sort,4200,4362896
insertion_sort,4300,4666300
insertion_sort,4400,4855333
insertion_sort,4500,5024600
insertion_sort,4600,5350403
insertion_sort,4700,5500102
insertion_sort,4800,5678358
insertion_sort,4900,5971953
insertion_sort,5000,6329872
insertion_sort,5100,6515828
insertion_sort,5200,6788310
insertion_sort,5300,7008397
insertion_sort,5400,7425167
insertion_sort,5500,7630818
insertion_sort,5600,7926936
insertion_sort,5700,8110743
insertion_sort,5800,8399699
insertion_sort,5900,8814742
insertion_sort,6000,9151905
insertion_sort,6100,9198660
insertion_sort,6200,9611098
insertion_sort,6300,9814714
insertion_sort,6400,10157573
insertion_sort,6500,10650177
insertion_sort,6600,10975839
insertion_sort,6700,11047358
insertion_sort,6800,11518888
insertion_sort,6900,11915317
insertion_sort,7000,12346639
insertion_sort,7100,12463393
insertion_sort,7200,13163475
insertion_sort,7300,13385033
insertion_sort,7400,13629937
insertion_sort,7500,14023643
insertion_sort,7600,14446744
insertion_sort,7700,14890670
insertion_sort,7800,15145898
insertion_sort,7900,15392578
insertion_sort,8000,16048043
insertion_sort,8100,16316401
insertion_sort,8200,16665648
insertion_sort,8300,17213038
insertion_sort,8400,17545495
insertion_sort,8500,18021497
insertion_sort,8600,18434569
insertion_sort,8700,18821384
insertion_sort,8800,19200673
insertion_sort,8900,19857811
insertion_sort,9000,20362578
insertion_sort,9100,20730263
insertion_sort,9200,21161163
insertion_sort,9300,21568004
insertion_sort,9400,22239148
insertion_sort,9500,22566017
insertion_sort,9600,23019591
insertion_sort,9700,23550345
insertion_sort,9800,24014598
insertion_sort,9900,24465193
insertion_sort,10000,24933398
